magnitude_strength,optimized_error_mean,optimized_error_std_across_problems,optimized_worst_init_error_mean,feasible_dora_error_mean,lora_oracle_error_mean,convergence_rate_mean,n_problems
0.0,2.5449643976571677e-06,1.310945418275457e-06,5.954019650289411e-06,1.576492905996929e-07,1.2936979558730856e-07,1.0,10
0.4,1.4571780593541916e-06,1.3825804815679735e-07,1.7333266328023456e-06,1.6019907462805348e-07,0.17402969896793366,1.0,10
0.8,0.004439712271474718,0.013565762092944458,0.004981516696489052,1.577143358133526e-07,0.288561087846756,0.8800000000000001,10
