magnitude_strength,optimized_dora_error_mean,optimized_dora_error_ci95_low,optimized_dora_error_ci95_high,optimized_dora_worst_init_error_mean,feasible_dora_error_mean,lora_oracle_error_mean,lora_oracle_error_ci95_low,lora_oracle_error_ci95_high,convergence_rate_mean,n_independent_problems,initializations_per_problem
0.0,2.544964397657168e-06,1.6071705393432182e-06,3.482758255971118e-06,5.954019650289411e-06,1.576492905996929e-07,1.2936979558730856e-07,1.1138197076294428e-07,1.4735762041167285e-07,1.0,10,5
0.4,1.4571780593541918e-06,1.3582742097992022e-06,1.5560819089091815e-06,1.7333266328023456e-06,1.6019907462805348e-07,0.1740296989679336,0.16758860712381957,0.18047079081204764,1.0,10,5
0.8,0.004439712271474711,-0.005264649326468156,0.014144073869417578,0.004981516696489036,1.577143358133526e-07,0.288561087846756,0.2800448726067951,0.29707730308671687,0.8800000000000001,10,5
